Feedback ID,Tenant ID,Survey Response,Comments
3778,9611,Very Dissatisfied,I'm very dissatisfied. There are numerous issues with the property.
3696,9946,Satisfied,I'm satisfied with the service. It's been a good experience.
3054,4904,Very Satisfied,I'm extremely satisfied with my experience here. Everything is perfect!
3156,1694,Very Satisfied,I'm extremely satisfied with my experience here. Everything is perfect!
3238,2522,Neutral,My experience has been neutral. Nothing outstanding to mention.
3342,7610,Dissatisfied,I'm dissatisfied with maintenance response times. Needs improvement.
3797,3242,Satisfied,I'm satisfied with the service. It's been a good experience.
3391,2460,Neutral,My experience has been neutral. Nothing outstanding to mention.
3082,2697,Very Dissatisfied,I'm very dissatisfied. There are numerous issues with the property.
3096,4105,Neutral,My experience has been neutral. Nothing outstanding to mention.
3074,1946,Very Satisfied,I'm extremely satisfied with my experience here. Everything is perfect!
3952,7157,Very Satisfied,I'm extremely satisfied with my experience here. Everything is perfect!
3056,1762,Satisfied,I'm satisfied with the service. It's been a good experience.
3963,1052,Dissatisfied,I'm dissatisfied with maintenance response times. Needs improvement.
3249,9564,Very Dissatisfied,I'm very dissatisfied. There are numerous issues with the property.
3199,9154,Very Satisfied,I'm extremely satisfied with my experience here. Everything is perfect!
3474,8446,Very Satisfied,I'm extremely satisfied with my experience here. Everything is perfect!
3395,7449,Satisfied,I'm satisfied with the service. It's been a good experience.
3593,8910,Very Satisfied,I'm extremely satisfied with my experience here. Everything is perfect!
3431,8711,Very Satisfied,I'm extremely satisfied with my experience here. Everything is perfect!
3130,9636,Dissatisfied,I'm dissatisfied with maintenance response times. Needs improvement.
3894,9760,Very Dissatisfied,I'm very dissatisfied. There are numerous issues with the property.
3892,8588,Neutral,My experience has been neutral. Nothing outstanding to mention.
3214,5514,Dissatisfied,I'm dissatisfied with maintenance response times. Needs improvement.
3112,5520,Very Dissatisfied,I'm very dissatisfied. There are numerous issues with the property.
3089,6236,Satisfied,I'm satisfied with the service. It's been a good experience.
3171,8228,Very Satisfied,I'm extremely satisfied with my experience here. Everything is perfect!
3059,9255,Neutral,My experience has been neutral. Nothing outstanding to mention.
3167,6343,Very Dissatisfied,I'm very dissatisfied. There are numerous issues with the property.
3675,1316,Satisfied,I'm satisfied with the service. It's been a good experience.
3728,3416,Neutral,My experience has been neutral. Nothing outstanding to mention.
3013,9050,Satisfied,I'm satisfied with the service. It's been a good experience.
3495,8409,Very Dissatisfied,I'm very dissatisfied. There are numerous issues with the property.
3595,8201,Neutral,My experience has been neutral. Nothing outstanding to mention.
3118,6452,Satisfied,I'm satisfied with the service. It's been a good experience.
3180,6549,Dissatisfied,I'm dissatisfied with maintenance response times. Needs improvement.
3331,2265,Satisfied,I'm satisfied with the service. It's been a good experience.
3208,5213,Neutral,My experience has been neutral. Nothing outstanding to mention.
3076,9673,Very Satisfied,I'm extremely satisfied with my experience here. Everything is perfect!
3980,1175,Very Dissatisfied,I'm very dissatisfied. There are numerous issues with the property.
3917,7694,Very Satisfied,I'm extremely satisfied with my experience here. Everything is perfect!
3160,6991,Very Dissatisfied,I'm very dissatisfied. There are numerous issues with the property.
3662,2684,Neutral,My experience has been neutral. Nothing outstanding to mention.
3508,5312,Neutral,My experience has been neutral. Nothing outstanding to mention.
3475,3054,Very Dissatisfied,I'm very dissatisfied. There are numerous issues with the property.
3817,7446,Satisfied,I'm satisfied with the service. It's been a good experience.
3572,7919,Dissatisfied,I'm dissatisfied with maintenance response times. Needs improvement.
3992,9734,Very Satisfied,I'm extremely satisfied with my experience here. Everything is perfect!
3722,6159,Very Dissatisfied,I'm very dissatisfied. There are numerous issues with the property.
3359,3772,Satisfied,I'm satisfied with the service. It's been a good experience.
3134,2002,Satisfied,I'm satisfied with the service. It's been a good experience.
3825,4804,Neutral,My experience has been neutral. Nothing outstanding to mention.
3035,2809,Satisfied,I'm satisfied with the service. It's been a good experience.
3708,3253,Satisfied,I'm satisfied with the service. It's been a good experience.
3793,8521,Dissatisfied,I'm dissatisfied with maintenance response times. Needs improvement.
3364,3796,Neutral,My experience has been neutral. Nothing outstanding to mention.
3743,9548,Neutral,My experience has been neutral. Nothing outstanding to mention.
3453,8181,Neutral,My experience has been neutral. Nothing outstanding to mention.
3187,2348,Dissatisfied,I'm dissatisfied with maintenance response times. Needs improvement.
3000,3866,Very Dissatisfied,I'm very dissatisfied. There are numerous issues with the property.
3165,3722,Satisfied,I'm satisfied with the service. It's been a good experience.
3657,2746,Very Dissatisfied,I'm very dissatisfied. There are numerous issues with the property.
3262,2086,Dissatisfied,I'm dissatisfied with maintenance response times. Needs improvement.
3788,3640,Neutral,My experience has been neutral. Nothing outstanding to mention.
3686,6129,Satisfied,I'm satisfied with the service. It's been a good experience.
3879,8741,Very Dissatisfied,I'm very dissatisfied. There are numerous issues with the property.
3060,5322,Dissatisfied,I'm dissatisfied with maintenance response times. Needs improvement.
3850,3048,Dissatisfied,I'm dissatisfied with maintenance response times. Needs improvement.
3350,2685,Satisfied,I'm satisfied with the service. It's been a good experience.
3837,8322,Very Dissatisfied,I'm very dissatisfied. There are numerous issues with the property.
3565,7164,Very Dissatisfied,I'm very dissatisfied. There are numerous issues with the property.
3744,5757,Very Satisfied,I'm extremely satisfied with my experience here. Everything is perfect!
3101,5761,Dissatisfied,I'm dissatisfied with maintenance response times. Needs improvement.
3259,9392,Satisfied,I'm satisfied with the service. It's been a good experience.
3953,4447,Satisfied,I'm satisfied with the service. It's been a good experience.
3687,2548,Satisfied,I'm satisfied with the service. It's been a good experience.
3849,1077,Very Satisfied,I'm extremely satisfied with my experience here. Everything is perfect!
3914,2008,Neutral,My experience has been neutral. Nothing outstanding to mention.
3666,4564,Very Satisfied,I'm extremely satisfied with my experience here. Everything is perfect!
3624,1422,Dissatisfied,I'm dissatisfied with maintenance response times. Needs improvement.
3220,3163,Dissatisfied,I'm dissatisfied with maintenance response times. Needs improvement.
3323,9218,Very Dissatisfied,I'm very dissatisfied. There are numerous issues with the property.
3674,4840,Satisfied,I'm satisfied with the service. It's been a good experience.
3902,2583,Neutral,My experience has been neutral. Nothing outstanding to mention.
3844,6659,Satisfied,I'm satisfied with the service. It's been a good experience.
3217,1847,Dissatisfied,I'm dissatisfied with maintenance response times. Needs improvement.
3029,3097,Very Dissatisfied,I'm very dissatisfied. There are numerous issues with the property.
3032,7913,Very Satisfied,I'm extremely satisfied with my experience here. Everything is perfect!
3009,3324,Satisfied,I'm satisfied with the service. It's been a good experience.
3813,7739,Very Dissatisfied,I'm very dissatisfied. There are numerous issues with the property.
3981,9726,Satisfied,I'm satisfied with the service. It's been a good experience.
3999,4748,Very Dissatisfied,I'm very dissatisfied. There are numerous issues with the property.
3972,3601,Very Satisfied,I'm extremely satisfied with my experience here. Everything is perfect!
3174,3488,Neutral,My experience has been neutral. Nothing outstanding to mention.
3226,4658,Neutral,My experience has been neutral. Nothing outstanding to mention.
3393,2690,Dissatisfied,I'm dissatisfied with maintenance response times. Needs improvement.
3573,3631,Dissatisfied,I'm dissatisfied with maintenance response times. Needs improvement.
3072,3811,Neutral,My experience has been neutral. Nothing outstanding to mention.
3011,5490,Very Dissatisfied,I'm very dissatisfied. There are numerous issues with the property.
3413,4352,Satisfied,I'm satisfied with the service. It's been a good experience.
3772,6489,Very Satisfied,I'm extremely satisfied with my experience here. Everything is perfect!
3824,7189,Satisfied,I'm satisfied with the service. It's been a good experience.
3558,7167,Very Satisfied,I'm extremely satisfied with my experience here. Everything is perfect!
3970,2387,Very Satisfied,I'm extremely satisfied with my experience here. Everything is perfect!
3884,6007,Very Satisfied,I'm extremely satisfied with my experience here. Everything is perfect!
3183,6259,Satisfied,I'm satisfied with the service. It's been a good experience.
3545,3230,Dissatisfied,I'm dissatisfied with maintenance response times. Needs improvement.
3664,7698,Very Dissatisfied,I'm very dissatisfied. There are numerous issues with the property.
3197,2133,Neutral,My experience has been neutral. Nothing outstanding to mention.
3615,7960,Satisfied,I'm satisfied with the service. It's been a good experience.
3090,3807,Satisfied,I'm satisfied with the service. It's been a good experience.
3913,9459,Very Dissatisfied,I'm very dissatisfied. There are numerous issues with the property.
3958,1989,Very Dissatisfied,I'm very dissatisfied. There are numerous issues with the property.
3951,3853,Satisfied,I'm satisfied with the service. It's been a good experience.
3888,1652,Satisfied,I'm satisfied with the service. It's been a good experience.
3780,2336,Dissatisfied,I'm dissatisfied with maintenance response times. Needs improvement.
3303,2808,Satisfied,I'm satisfied with the service. It's been a good experience.
3296,3333,Very Satisfied,I'm extremely satisfied with my experience here. Everything is perfect!
3460,6809,Very Satisfied,I'm extremely satisfied with my experience here. Everything is perfect!
3878,8169,Neutral,My experience has been neutral. Nothing outstanding to mention.
3862,6771,Satisfied,I'm satisfied with the service. It's been a good experience.
3480,6884,Satisfied,I'm satisfied with the service. It's been a good experience.
3911,2524,Satisfied,I'm satisfied with the service. It's been a good experience.
3362,9826,Dissatisfied,I'm dissatisfied with maintenance response times. Needs improvement.
3907,7023,Neutral,My experience has been neutral. Nothing outstanding to mention.
3776,3196,Neutral,My experience has been neutral. Nothing outstanding to mention.
3532,9102,Satisfied,I'm satisfied with the service. It's been a good experience.
3261,5050,Very Satisfied,I'm extremely satisfied with my experience here. Everything is perfect!
3087,3211,Neutral,My experience has been neutral. Nothing outstanding to mention.
3114,7056,Dissatisfied,I'm dissatisfied with maintenance response times. Needs improvement.
3380,7740,Neutral,My experience has been neutral. Nothing outstanding to mention.
3723,5465,Neutral,My experience has been neutral. Nothing outstanding to mention.
3553,5733,Dissatisfied,I'm dissatisfied with maintenance response times. Needs improvement.
3749,7946,Satisfied,I'm satisfied with the service. It's been a good experience.
3001,5059,Satisfied,I'm satisfied with the service. It's been a good experience.
3467,2295,Neutral,My experience has been neutral. Nothing outstanding to mention.
3789,8686,Neutral,My experience has been neutral. Nothing outstanding to mention.
3080,2864,Very Dissatisfied,I'm very dissatisfied. There are numerous issues with the property.
3084,3987,Very Dissatisfied,I'm very dissatisfied. There are numerous issues with the property.
3211,6245,Neutral,My experience has been neutral. Nothing outstanding to mention.
3256,6949,Dissatisfied,I'm dissatisfied with maintenance response times. Needs improvement.
3374,5049,Very Satisfied,I'm extremely satisfied with my experience here. Everything is perfect!
3935,1068,Very Satisfied,I'm extremely satisfied with my experience here. Everything is perfect!
3926,4594,Very Dissatisfied,I'm very dissatisfied. There are numerous issues with the property.
3905,1084,Neutral,My experience has been neutral. Nothing outstanding to mention.
3677,5434,Very Satisfied,I'm extremely satisfied with my experience here. Everything is perfect!
3426,6488,Dissatisfied,I'm dissatisfied with maintenance response times. Needs improvement.
3978,1666,Very Dissatisfied,I'm very dissatisfied. There are numerous issues with the property.
3416,5228,Very Dissatisfied,I'm very dissatisfied. There are numerous issues with the property.
3461,5088,Neutral,My experience has been neutral. Nothing outstanding to mention.
3906,1430,Very Dissatisfied,I'm very dissatisfied. There are numerous issues with the property.
3642,5839,Very Satisfied,I'm extremely satisfied with my experience here. Everything is perfect!
3240,2181,Neutral,My experience has been neutral. Nothing outstanding to mention.
3041,9518,Satisfied,I'm satisfied with the service. It's been a good experience.
3634,8162,Very Satisfied,I'm extremely satisfied with my experience here. Everything is perfect!
3518,6051,Very Satisfied,I'm extremely satisfied with my experience here. Everything is perfect!
3019,5175,Neutral,My experience has been neutral. Nothing outstanding to mention.
3514,6759,Satisfied,I'm satisfied with the service. It's been a good experience.
3325,3395,Dissatisfied,I'm dissatisfied with maintenance response times. Needs improvement.
3783,6044,Very Satisfied,I'm extremely satisfied with my experience here. Everything is perfect!
3316,3530,Neutral,My experience has been neutral. Nothing outstanding to mention.
3676,5853,Dissatisfied,I'm dissatisfied with maintenance response times. Needs improvement.
3264,2936,Neutral,My experience has been neutral. Nothing outstanding to mention.
3266,4775,Dissatisfied,I'm dissatisfied with maintenance response times. Needs improvement.
3292,7678,Satisfied,I'm satisfied with the service. It's been a good experience.
3537,9605,Neutral,My experience has been neutral. Nothing outstanding to mention.
3966,6644,Neutral,My experience has been neutral. Nothing outstanding to mention.
3585,6787,Neutral,My experience has been neutral. Nothing outstanding to mention.
3877,8864,Very Satisfied,I'm extremely satisfied with my experience here. Everything is perfect!
3131,6377,Very Satisfied,I'm extremely satisfied with my experience here. Everything is perfect!
3716,3115,Neutral,My experience has been neutral. Nothing outstanding to mention.
3733,3930,Neutral,My experience has been neutral. Nothing outstanding to mention.
3488,3265,Neutral,My experience has been neutral. Nothing outstanding to mention.
3039,5019,Very Dissatisfied,I'm very dissatisfied. There are numerous issues with the property.
3872,9914,Satisfied,I'm satisfied with the service. It's been a good experience.
3137,2334,Dissatisfied,I'm dissatisfied with maintenance response times. Needs improvement.
3702,7927,Very Satisfied,I'm extremely satisfied with my experience here. Everything is perfect!
3119,1669,Dissatisfied,I'm dissatisfied with maintenance response times. Needs improvement.
3841,8163,Satisfied,I'm satisfied with the service. It's been a good experience.
3014,8074,Dissatisfied,I'm dissatisfied with maintenance response times. Needs improvement.
3439,3555,Neutral,My experience has been neutral. Nothing outstanding to mention.
3750,9200,Satisfied,I'm satisfied with the service. It's been a good experience.
3485,5635,Very Satisfied,I'm extremely satisfied with my experience here. Everything is perfect!
3335,3814,Satisfied,I'm satisfied with the service. It's been a good experience.
3138,7786,Satisfied,I'm satisfied with the service. It's been a good experience.
3382,2438,Neutral,My experience has been neutral. Nothing outstanding to mention.
3988,4348,Neutral,My experience has been neutral. Nothing outstanding to mention.
3396,1607,Neutral,My experience has been neutral. Nothing outstanding to mention.
3470,4031,Satisfied,I'm satisfied with the service. It's been a good experience.
3985,3713,Dissatisfied,I'm dissatisfied with maintenance response times. Needs improvement.
3692,8070,Very Dissatisfied,I'm very dissatisfied. There are numerous issues with the property.
3228,1452,Very Dissatisfied,I'm very dissatisfied. There are numerous issues with the property.
3344,7717,Very Dissatisfied,I'm very dissatisfied. There are numerous issues with the property.
3411,7893,Neutral,My experience has been neutral. Nothing outstanding to mention.
3192,5686,Satisfied,I'm satisfied with the service. It's been a good experience.
3092,9814,Very Satisfied,I'm extremely satisfied with my experience here. Everything is perfect!
3501,4693,Dissatisfied,I'm dissatisfied with maintenance response times. Needs improvement.
3496,2616,Neutral,My experience has been neutral. Nothing outstanding to mention.
3685,3422,Dissatisfied,I'm dissatisfied with maintenance response times. Needs improvement.
3858,9718,Neutral,My experience has been neutral. Nothing outstanding to mention.
3570,3812,Very Satisfied,I'm extremely satisfied with my experience here. Everything is perfect!
3161,5172,Neutral,My experience has been neutral. Nothing outstanding to mention.
3541,9095,Very Dissatisfied,I'm very dissatisfied. There are numerous issues with the property.
3245,1400,Neutral,My experience has been neutral. Nothing outstanding to mention.
3521,4938,Neutral,My experience has been neutral. Nothing outstanding to mention.
3003,3838,Very Satisfied,I'm extremely satisfied with my experience here. Everything is perfect!
3122,2547,Very Dissatisfied,I'm very dissatisfied. There are numerous issues with the property.
3477,9277,Very Dissatisfied,I'm very dissatisfied. There are numerous issues with the property.
3164,3518,Neutral,My experience has been neutral. Nothing outstanding to mention.
3435,3213,Satisfied,I'm satisfied with the service. It's been a good experience.
3298,2386,Satisfied,I'm satisfied with the service. It's been a good experience.
3185,8097,Neutral,My experience has been neutral. Nothing outstanding to mention.
3239,4485,Neutral,My experience has been neutral. Nothing outstanding to mention.
3934,3888,Very Satisfied,I'm extremely satisfied with my experience here. Everything is perfect!
3312,5768,Very Dissatisfied,I'm very dissatisfied. There are numerous issues with the property.
3782,1331,Very Satisfied,I'm extremely satisfied with my experience here. Everything is perfect!
3181,5998,Very Satisfied,I'm extremely satisfied with my experience here. Everything is perfect!
3829,7980,Satisfied,I'm satisfied with the service. It's been a good experience.
3635,4569,Satisfied,I'm satisfied with the service. It's been a good experience.
3281,8277,Neutral,My experience has been neutral. Nothing outstanding to mention.
3299,1920,Neutral,My experience has been neutral. Nothing outstanding to mention.
3621,5437,Very Satisfied,I'm extremely satisfied with my experience here. Everything is perfect!
3705,4732,Neutral,My experience has been neutral. Nothing outstanding to mention.
3919,5904,Satisfied,I'm satisfied with the service. It's been a good experience.
3681,7999,Neutral,My experience has been neutral. Nothing outstanding to mention.
3796,3876,Neutral,My experience has been neutral. Nothing outstanding to mention.
3034,2559,Very Satisfied,I'm extremely satisfied with my experience here. Everything is perfect!
3689,3223,Very Satisfied,I'm extremely satisfied with my experience here. Everything is perfect!
3418,7591,Satisfied,I'm satisfied with the service. It's been a good experience.
3447,8053,Dissatisfied,I'm dissatisfied with maintenance response times. Needs improvement.
3581,9816,Very Satisfied,I'm extremely satisfied with my experience here. Everything is perfect!
3522,2792,Dissatisfied,I'm dissatisfied with maintenance response times. Needs improvement.
3227,4437,Satisfied,I'm satisfied with the service. It's been a good experience.
3145,8540,Satisfied,I'm satisfied with the service. It's been a good experience.
3097,8104,Very Satisfied,I'm extremely satisfied with my experience here. Everything is perfect!
3091,2337,Dissatisfied,I'm dissatisfied with maintenance response times. Needs improvement.
3468,6013,Satisfied,I'm satisfied with the service. It's been a good experience.
3111,2233,Neutral,My experience has been neutral. Nothing outstanding to mention.
3806,7225,Very Dissatisfied,I'm very dissatisfied. There are numerous issues with the property.
3853,4138,Neutral,My experience has been neutral. Nothing outstanding to mention.
3168,9054,Very Dissatisfied,I'm very dissatisfied. There are numerous issues with the property.
3942,2610,Dissatisfied,I'm dissatisfied with maintenance response times. Needs improvement.
3155,5873,Satisfied,I'm satisfied with the service. It's been a good experience.
3224,6569,Satisfied,I'm satisfied with the service. It's been a good experience.
3371,7057,Neutral,My experience has been neutral. Nothing outstanding to mention.
3762,4032,Very Dissatisfied,I'm very dissatisfied. There are numerous issues with the property.
3628,7517,Satisfied,I'm satisfied with the service. It's been a good experience.
3232,6984,Dissatisfied,I'm dissatisfied with maintenance response times. Needs improvement.
3596,9955,Very Dissatisfied,I'm very dissatisfied. There are numerous issues with the property.
3088,9361,Dissatisfied,I'm dissatisfied with maintenance response times. Needs improvement.
3954,1635,Neutral,My experience has been neutral. Nothing outstanding to mention.
3425,1235,Satisfied,I'm satisfied with the service. It's been a good experience.
3721,2171,Very Satisfied,I'm extremely satisfied with my experience here. Everything is perfect!
3987,8766,Neutral,My experience has been neutral. Nothing outstanding to mention.
3234,5536,Satisfied,I'm satisfied with the service. It's been a good experience.
3656,8803,Dissatisfied,I'm dissatisfied with maintenance response times. Needs improvement.
3020,4187,Satisfied,I'm satisfied with the service. It's been a good experience.
3221,9114,Dissatisfied,I'm dissatisfied with maintenance response times. Needs improvement.
3070,2247,Satisfied,I'm satisfied with the service. It's been a good experience.
3636,4029,Satisfied,I'm satisfied with the service. It's been a good experience.
3717,2863,Satisfied,I'm satisfied with the service. It's been a good experience.
3189,3890,Dissatisfied,I'm dissatisfied with maintenance response times. Needs improvement.
3497,4617,Neutral,My experience has been neutral. Nothing outstanding to mention.
3996,3604,Very Dissatisfied,I'm very dissatisfied. There are numerous issues with the property.
3875,9171,Very Dissatisfied,I'm very dissatisfied. There are numerous issues with the property.
3263,2872,Very Dissatisfied,I'm very dissatisfied. There are numerous issues with the property.
3438,1803,Satisfied,I'm satisfied with the service. It's been a good experience.
3659,2566,Very Dissatisfied,I'm very dissatisfied. There are numerous issues with the property.
3291,7586,Dissatisfied,I'm dissatisfied with maintenance response times. Needs improvement.
3846,8586,Very Dissatisfied,I'm very dissatisfied. There are numerous issues with the property.
3700,2710,Very Dissatisfied,I'm very dissatisfied. There are numerous issues with the property.
3588,4527,Very Dissatisfied,I'm very dissatisfied. There are numerous issues with the property.
3040,2031,Satisfied,I'm satisfied with the service. It's been a good experience.
3847,2122,Very Dissatisfied,I'm very dissatisfied. There are numerous issues with the property.
3427,3374,Very Satisfied,I'm extremely satisfied with my experience here. Everything is perfect!
3421,9967,Neutral,My experience has been neutral. Nothing outstanding to mention.
3205,5687,Satisfied,I'm satisfied with the service. It's been a good experience.
3283,2993,Dissatisfied,I'm dissatisfied with maintenance response times. Needs improvement.
3142,3483,Satisfied,I'm satisfied with the service. It's been a good experience.
3293,2453,Very Satisfied,I'm extremely satisfied with my experience here. Everything is perfect!
3742,4147,Very Dissatisfied,I'm very dissatisfied. There are numerous issues with the property.
3490,8214,Neutral,My experience has been neutral. Nothing outstanding to mention.
3979,2658,Very Satisfied,I'm extremely satisfied with my experience here. Everything is perfect!
3667,6998,Very Satisfied,I'm extremely satisfied with my experience here. Everything is perfect!
3977,8852,Neutral,My experience has been neutral. Nothing outstanding to mention.
3663,5809,Very Satisfied,I'm extremely satisfied with my experience here. Everything is perfect!
3128,8250,Neutral,My experience has been neutral. Nothing outstanding to mention.
3031,8970,Satisfied,I'm satisfied with the service. It's been a good experience.
3390,6873,Neutral,My experience has been neutral. Nothing outstanding to mention.
3694,7069,Dissatisfied,I'm dissatisfied with maintenance response times. Needs improvement.
3121,6552,Very Dissatisfied,I'm very dissatisfied. There are numerous issues with the property.
3314,9155,Very Satisfied,I'm extremely satisfied with my experience here. Everything is perfect!
3027,1019,Dissatisfied,I'm dissatisfied with maintenance response times. Needs improvement.
3900,6055,Satisfied,I'm satisfied with the service. It's been a good experience.
3848,8913,Neutral,My experience has been neutral. Nothing outstanding to mention.
3158,6708,Very Dissatisfied,I'm very dissatisfied. There are numerous issues with the property.
3968,4965,Very Satisfied,I'm extremely satisfied with my experience here. Everything is perfect!
3962,2329,Dissatisfied,I'm dissatisfied with maintenance response times. Needs improvement.
3831,4047,Neutral,My experience has been neutral. Nothing outstanding to mention.
3414,2791,Dissatisfied,I'm dissatisfied with maintenance response times. Needs improvement.
3353,1752,Satisfied,I'm satisfied with the service. It's been a good experience.
3008,4592,Satisfied,I'm satisfied with the service. It's been a good experience.
3655,3855,Very Dissatisfied,I'm very dissatisfied. There are numerous issues with the property.
3117,4443,Dissatisfied,I'm dissatisfied with maintenance response times. Needs improvement.
3064,3621,Dissatisfied,I'm dissatisfied with maintenance response times. Needs improvement.
3095,3654,Very Satisfied,I'm extremely satisfied with my experience here. Everything is perfect!
3940,1272,Very Satisfied,I'm extremely satisfied with my experience here. Everything is perfect!
3177,8840,Neutral,My experience has been neutral. Nothing outstanding to mention.
3484,2672,Satisfied,I'm satisfied with the service. It's been a good experience.
3288,9360,Very Dissatisfied,I'm very dissatisfied. There are numerous issues with the property.
3794,4325,Satisfied,I'm satisfied with the service. It's been a good experience.
3731,6622,Very Satisfied,I'm extremely satisfied with my experience here. Everything is perfect!
3310,7391,Very Dissatisfied,I'm very dissatisfied. There are numerous issues with the property.
3401,2104,Very Satisfied,I'm extremely satisfied with my experience here. Everything is perfect!
3339,6068,Very Satisfied,I'm extremely satisfied with my experience here. Everything is perfect!
3563,7273,Very Satisfied,I'm extremely satisfied with my experience here. Everything is perfect!
3428,3934,Neutral,My experience has been neutral. Nothing outstanding to mention.
3057,2761,Very Dissatisfied,I'm very dissatisfied. There are numerous issues with the property.
3345,3285,Very Satisfied,I'm extremely satisfied with my experience here. Everything is perfect!
3044,4946,Satisfied,I'm satisfied with the service. It's been a good experience.
3012,1372,Very Satisfied,I'm extremely satisfied with my experience here. Everything is perfect!
3915,4131,Very Satisfied,I'm extremely satisfied with my experience here. Everything is perfect!
3798,8925,Neutral,My experience has been neutral. Nothing outstanding to mention.
3870,7103,Very Dissatisfied,I'm very dissatisfied. There are numerous issues with the property.
3306,3258,Satisfied,I'm satisfied with the service. It's been a good experience.
3548,5557,Very Satisfied,I'm extremely satisfied with my experience here. Everything is perfect!
3754,5275,Neutral,My experience has been neutral. Nothing outstanding to mention.
3244,6842,Neutral,My experience has been neutral. Nothing outstanding to mention.
3399,6520,Very Dissatisfied,I'm very dissatisfied. There are numerous issues with the property.
3965,2807,Satisfied,I'm satisfied with the service. It's been a good experience.
3093,9473,Very Dissatisfied,I'm very dissatisfied. There are numerous issues with the property.
3487,3572,Very Satisfied,I'm extremely satisfied with my experience here. Everything is perfect!
3213,4795,Satisfied,I'm satisfied with the service. It's been a good experience.
3577,6253,Satisfied,I'm satisfied with the service. It's been a good experience.
3025,3328,Satisfied,I'm satisfied with the service. It's been a good experience.
3176,9427,Satisfied,I'm satisfied with the service. It's been a good experience.
3936,6115,Neutral,My experience has been neutral. Nothing outstanding to mention.
3229,2483,Very Dissatisfied,I'm very dissatisfied. There are numerous issues with the property.
3021,3634,Neutral,My experience has been neutral. Nothing outstanding to mention.
3528,5553,Neutral,My experience has been neutral. Nothing outstanding to mention.
3351,5052,Neutral,My experience has been neutral. Nothing outstanding to mention.
3517,4518,Dissatisfied,I'm dissatisfied with maintenance response times. Needs improvement.
3818,3067,Neutral,My experience has been neutral. Nothing outstanding to mention.
3860,9316,Dissatisfied,I'm dissatisfied with maintenance response times. Needs improvement.
3437,9587,Very Satisfied,I'm extremely satisfied with my experience here. Everything is perfect!
3104,4044,Very Dissatisfied,I'm very dissatisfied. There are numerous issues with the property.
3646,6807,Satisfied,I'm satisfied with the service. It's been a good experience.
3078,9582,Dissatisfied,I'm dissatisfied with maintenance response times. Needs improvement.
3809,7594,Dissatisfied,I'm dissatisfied with maintenance response times. Needs improvement.
3822,1874,Neutral,My experience has been neutral. Nothing outstanding to mention.
3627,7238,Satisfied,I'm satisfied with the service. It's been a good experience.
3149,5693,Dissatisfied,I'm dissatisfied with maintenance response times. Needs improvement.
3683,2627,Very Dissatisfied,I'm very dissatisfied. There are numerous issues with the property.
3257,8898,Dissatisfied,I'm dissatisfied with maintenance response times. Needs improvement.
3458,2782,Satisfied,I'm satisfied with the service. It's been a good experience.
3206,1133,Dissatisfied,I'm dissatisfied with maintenance response times. Needs improvement.
3760,9541,Very Satisfied,I'm extremely satisfied with my experience here. Everything is perfect!
3274,1617,Very Satisfied,I'm extremely satisfied with my experience here. Everything is perfect!
3626,5026,Dissatisfied,I'm dissatisfied with maintenance response times. Needs improvement.
3923,9244,Very Dissatisfied,I'm very dissatisfied. There are numerous issues with the property.
3133,8866,Dissatisfied,I'm dissatisfied with maintenance response times. Needs improvement.
3017,7549,Dissatisfied,I'm dissatisfied with maintenance response times. Needs improvement.
3392,8542,Very Satisfied,I'm extremely satisfied with my experience here. Everything is perfect!
3916,9163,Dissatisfied,I'm dissatisfied with maintenance response times. Needs improvement.
3650,1004,Dissatisfied,I'm dissatisfied with maintenance response times. Needs improvement.
3989,3846,Neutral,My experience has been neutral. Nothing outstanding to mention.
3535,8681,Dissatisfied,I'm dissatisfied with maintenance response times. Needs improvement.
3973,8811,Neutral,My experience has been neutral. Nothing outstanding to mention.
3555,4678,Very Satisfied,I'm extremely satisfied with my experience here. Everything is perfect!
3808,6078,Satisfied,I'm satisfied with the service. It's been a good experience.
3287,6680,Dissatisfied,I'm dissatisfied with maintenance response times. Needs improvement.
3388,9500,Very Satisfied,I'm extremely satisfied with my experience here. Everything is perfect!
3869,8901,Very Satisfied,I'm extremely satisfied with my experience here. Everything is perfect!
3918,7782,Dissatisfied,I'm dissatisfied with maintenance response times. Needs improvement.
3724,1285,Very Dissatisfied,I'm very dissatisfied. There are numerous issues with the property.
3606,9592,Satisfied,I'm satisfied with the service. It's been a good experience.
3732,7578,Satisfied,I'm satisfied with the service. It's been a good experience.
3178,4916,Neutral,My experience has been neutral. Nothing outstanding to mention.
3759,9926,Neutral,My experience has been neutral. Nothing outstanding to mention.
3166,6436,Neutral,My experience has been neutral. Nothing outstanding to mention.
3297,8395,Satisfied,I'm satisfied with the service. It's been a good experience.
3591,6024,Satisfied,I'm satisfied with the service. It's been a good experience.
3379,9226,Neutral,My experience has been neutral. Nothing outstanding to mention.
3556,8792,Very Satisfied,I'm extremely satisfied with my experience here. Everything is perfect!
3893,9034,Very Dissatisfied,I'm very dissatisfied. There are numerous issues with the property.
3896,4791,Neutral,My experience has been neutral. Nothing outstanding to mention.
3523,6692,Dissatisfied,I'm dissatisfied with maintenance response times. Needs improvement.
3370,8205,Very Satisfied,I'm extremely satisfied with my experience here. Everything is perfect!
3486,5102,Satisfied,I'm satisfied with the service. It's been a good experience.
3210,9805,Very Satisfied,I'm extremely satisfied with my experience here. Everything is perfect!
3202,6128,Satisfied,I'm satisfied with the service. It's been a good experience.
3775,1256,Very Dissatisfied,I'm very dissatisfied. There are numerous issues with the property.
3193,5216,Dissatisfied,I'm dissatisfied with maintenance response times. Needs improvement.
3194,2292,Very Satisfied,I'm extremely satisfied with my experience here. Everything is perfect!
3290,4042,Dissatisfied,I'm dissatisfied with maintenance response times. Needs improvement.
3660,1304,Dissatisfied,I'm dissatisfied with maintenance response times. Needs improvement.
3051,7221,Very Satisfied,I'm extremely satisfied with my experience here. Everything is perfect!
3631,3839,Dissatisfied,I'm dissatisfied with maintenance response times. Needs improvement.
3191,1318,Very Satisfied,I'm extremely satisfied with my experience here. Everything is perfect!
3739,7861,Dissatisfied,I'm dissatisfied with maintenance response times. Needs improvement.
3102,3195,Satisfied,I'm satisfied with the service. It's been a good experience.
3854,6588,Very Dissatisfied,I'm very dissatisfied. There are numerous issues with the property.
3738,4355,Very Satisfied,I'm extremely satisfied with my experience here. Everything is perfect!
3908,5785,Neutral,My experience has been neutral. Nothing outstanding to mention.
3873,8533,Very Dissatisfied,I'm very dissatisfied. There are numerous issues with the property.
3077,1476,Very Satisfied,I'm extremely satisfied with my experience here. Everything is perfect!
3124,6575,Dissatisfied,I'm dissatisfied with maintenance response times. Needs improvement.
3695,8422,Dissatisfied,I'm dissatisfied with maintenance response times. Needs improvement.
3883,9125,Very Satisfied,I'm extremely satisfied with my experience here. Everything is perfect!
3710,2511,Dissatisfied,I'm dissatisfied with maintenance response times. Needs improvement.
3787,5072,Satisfied,I'm satisfied with the service. It's been a good experience.
3063,4892,Very Satisfied,I'm extremely satisfied with my experience here. Everything is perfect!
3408,3377,Very Dissatisfied,I'm very dissatisfied. There are numerous issues with the property.
3580,9369,Very Dissatisfied,I'm very dissatisfied. There are numerous issues with the property.
3698,6264,Satisfied,I'm satisfied with the service. It's been a good experience.
3583,6114,Satisfied,I'm satisfied with the service. It's been a good experience.
3819,4717,Very Dissatisfied,I'm very dissatisfied. There are numerous issues with the property.
3252,1146,Neutral,My experience has been neutral. Nothing outstanding to mention.
3148,3040,Satisfied,I'm satisfied with the service. It's been a good experience.
3543,6345,Very Satisfied,I'm extremely satisfied with my experience here. Everything is perfect!
3030,1905,Dissatisfied,I'm dissatisfied with maintenance response times. Needs improvement.
3534,5697,Dissatisfied,I'm dissatisfied with maintenance response times. Needs improvement.
3445,1612,Satisfied,I'm satisfied with the service. It's been a good experience.
3865,9583,Dissatisfied,I'm dissatisfied with maintenance response times. Needs improvement.
3456,3742,Satisfied,I'm satisfied with the service. It's been a good experience.
3179,1640,Very Dissatisfied,I'm very dissatisfied. There are numerous issues with the property.
3308,9892,Neutral,My experience has been neutral. Nothing outstanding to mention.
3955,5333,Satisfied,I'm satisfied with the service. It's been a good experience.
3855,9147,Dissatisfied,I'm dissatisfied with maintenance response times. Needs improvement.
3649,7934,Dissatisfied,I'm dissatisfied with maintenance response times. Needs improvement.
3462,6838,Dissatisfied,I'm dissatisfied with maintenance response times. Needs improvement.
3415,5590,Neutral,My experience has been neutral. Nothing outstanding to mention.
3321,4137,Satisfied,I'm satisfied with the service. It's been a good experience.
3436,7537,Dissatisfied,I'm dissatisfied with maintenance response times. Needs improvement.
3360,5128,Very Dissatisfied,I'm very dissatisfied. There are numerous issues with the property.
3482,3750,Very Satisfied,I'm extremely satisfied with my experience here. Everything is perfect!
3313,2538,Very Dissatisfied,I'm very dissatisfied. There are numerous issues with the property.
3052,1317,Neutral,My experience has been neutral. Nothing outstanding to mention.
3576,3887,Satisfied,I'm satisfied with the service. It's been a good experience.
3610,3549,Very Satisfied,I'm extremely satisfied with my experience here. Everything is perfect!
3406,1221,Neutral,My experience has been neutral. Nothing outstanding to mention.
3645,9841,Neutral,My experience has been neutral. Nothing outstanding to mention.
3459,8326,Very Dissatisfied,I'm very dissatisfied. There are numerous issues with the property.
3654,2327,Very Satisfied,I'm extremely satisfied with my experience here. Everything is perfect!
3337,1940,Very Satisfied,I'm extremely satisfied with my experience here. Everything is perfect!
3833,9770,Very Satisfied,I'm extremely satisfied with my experience here. Everything is perfect!
3055,2597,Very Satisfied,I'm extremely satisfied with my experience here. Everything is perfect!
3983,2004,Very Dissatisfied,I'm very dissatisfied. There are numerous issues with the property.
3066,1515,Very Satisfied,I'm extremely satisfied with my experience here. Everything is perfect!
3820,6132,Dissatisfied,I'm dissatisfied with maintenance response times. Needs improvement.
3510,5001,Very Satisfied,I'm extremely satisfied with my experience here. Everything is perfect!
3328,4014,Very Satisfied,I'm extremely satisfied with my experience here. Everything is perfect!
3113,8004,Very Satisfied,I'm extremely satisfied with my experience here. Everything is perfect!
3679,7356,Very Satisfied,I'm extremely satisfied with my experience here. Everything is perfect!
3507,1903,Satisfied,I'm satisfied with the service. It's been a good experience.
3285,6356,Very Dissatisfied,I'm very dissatisfied. There are numerous issues with the property.
3866,2810,Dissatisfied,I'm dissatisfied with maintenance response times. Needs improvement.
3684,5721,Very Satisfied,I'm extremely satisfied with my experience here. Everything is perfect!
3099,6620,Neutral,My experience has been neutral. Nothing outstanding to mention.
3481,8747,Neutral,My experience has been neutral. Nothing outstanding to mention.
3920,5393,Neutral,My experience has been neutral. Nothing outstanding to mention.
3038,3513,Satisfied,I'm satisfied with the service. It's been a good experience.
3941,9362,Very Satisfied,I'm extremely satisfied with my experience here. Everything is perfect!
3895,5782,Dissatisfied,I'm dissatisfied with maintenance response times. Needs improvement.
3751,4387,Very Satisfied,I'm extremely satisfied with my experience here. Everything is perfect!
3006,2437,Dissatisfied,I'm dissatisfied with maintenance response times. Needs improvement.
3735,6376,Satisfied,I'm satisfied with the service. It's been a good experience.
3151,7079,Neutral,My experience has been neutral. Nothing outstanding to mention.
3361,1887,Dissatisfied,I'm dissatisfied with maintenance response times. Needs improvement.
3348,5400,Dissatisfied,I'm dissatisfied with maintenance response times. Needs improvement.
3223,1667,Dissatisfied,I'm dissatisfied with maintenance response times. Needs improvement.
3389,3854,Dissatisfied,I'm dissatisfied with maintenance response times. Needs improvement.
3200,9600,Dissatisfied,I'm dissatisfied with maintenance response times. Needs improvement.
3868,6931,Very Dissatisfied,I'm very dissatisfied. There are numerous issues with the property.
3478,2552,Very Satisfied,I'm extremely satisfied with my experience here. Everything is perfect!
3318,5360,Very Satisfied,I'm extremely satisfied with my experience here. Everything is perfect!
3198,9437,Dissatisfied,I'm dissatisfied with maintenance response times. Needs improvement.
3568,9428,Very Satisfied,I'm extremely satisfied with my experience here. Everything is perfect!
3473,6306,Very Satisfied,I'm extremely satisfied with my experience here. Everything is perfect!
3640,6466,Satisfied,I'm satisfied with the service. It's been a good experience.
3186,1733,Dissatisfied,I'm dissatisfied with maintenance response times. Needs improvement.
3417,6174,Neutral,My experience has been neutral. Nothing outstanding to mention.
3402,7003,Very Dissatisfied,I'm very dissatisfied. There are numerous issues with the property.
3444,2760,Very Dissatisfied,I'm very dissatisfied. There are numerous issues with the property.
3719,7599,Neutral,My experience has been neutral. Nothing outstanding to mention.
3241,3689,Neutral,My experience has been neutral. Nothing outstanding to mention.
3763,2678,Very Dissatisfied,I'm very dissatisfied. There are numerous issues with the property.
3602,3767,Very Satisfied,I'm extremely satisfied with my experience here. Everything is perfect!
3530,7299,Dissatisfied,I'm dissatisfied with maintenance response times. Needs improvement.
3584,8763,Very Dissatisfied,I'm very dissatisfied. There are numerous issues with the property.
3500,1069,Very Satisfied,I'm extremely satisfied with my experience here. Everything is perfect!
3616,4221,Neutral,My experience has been neutral. Nothing outstanding to mention.
3422,8453,Very Satisfied,I'm extremely satisfied with my experience here. Everything is perfect!
3851,6143,Satisfied,I'm satisfied with the service. It's been a good experience.
3632,4013,Very Dissatisfied,I'm very dissatisfied. There are numerous issues with the property.
3317,2976,Very Satisfied,I'm extremely satisfied with my experience here. Everything is perfect!
3938,1393,Very Dissatisfied,I'm very dissatisfied. There are numerous issues with the property.
3432,4641,Very Dissatisfied,I'm very dissatisfied. There are numerous issues with the property.
3899,3509,Very Dissatisfied,I'm very dissatisfied. There are numerous issues with the property.
3803,6232,Dissatisfied,I'm dissatisfied with maintenance response times. Needs improvement.
3260,7100,Satisfied,I'm satisfied with the service. It's been a good experience.
3567,2709,Very Satisfied,I'm extremely satisfied with my experience here. Everything is perfect!
3969,7455,Dissatisfied,I'm dissatisfied with maintenance response times. Needs improvement.
3974,4642,Dissatisfied,I'm dissatisfied with maintenance response times. Needs improvement.
3334,1203,Very Satisfied,I'm extremely satisfied with my experience here. Everything is perfect!
3795,5388,Very Dissatisfied,I'm very dissatisfied. There are numerous issues with the property.
3397,6523,Neutral,My experience has been neutral. Nothing outstanding to mention.
3734,1768,Very Dissatisfied,I'm very dissatisfied. There are numerous issues with the property.
3356,6087,Dissatisfied,I'm dissatisfied with maintenance response times. Needs improvement.
3729,6779,Dissatisfied,I'm dissatisfied with maintenance response times. Needs improvement.
3144,3201,Very Dissatisfied,I'm very dissatisfied. There are numerous issues with the property.
3324,9859,Neutral,My experience has been neutral. Nothing outstanding to mention.
3781,8827,Very Satisfied,I'm extremely satisfied with my experience here. Everything is perfect!
3701,6096,Very Satisfied,I'm extremely satisfied with my experience here. Everything is perfect!
3629,4956,Very Dissatisfied,I'm very dissatisfied. There are numerous issues with the property.
3143,7841,Very Dissatisfied,I'm very dissatisfied. There are numerous issues with the property.
3997,2307,Neutral,My experience has been neutral. Nothing outstanding to mention.
3163,3851,Satisfied,I'm satisfied with the service. It's been a good experience.
3758,7743,Neutral,My experience has been neutral. Nothing outstanding to mention.
3665,9080,Satisfied,I'm satisfied with the service. It's been a good experience.
3551,3219,Neutral,My experience has been neutral. Nothing outstanding to mention.
3714,8771,Neutral,My experience has been neutral. Nothing outstanding to mention.
3986,4712,Very Dissatisfied,I'm very dissatisfied. There are numerous issues with the property.
3363,7884,Very Satisfied,I'm extremely satisfied with my experience here. Everything is perfect!
3067,6106,Satisfied,I'm satisfied with the service. It's been a good experience.
3609,5372,Very Satisfied,I'm extremely satisfied with my experience here. Everything is perfect!
3620,6700,Dissatisfied,I'm dissatisfied with maintenance response times. Needs improvement.
3410,6861,Neutral,My experience has been neutral. Nothing outstanding to mention.
3569,3843,Satisfied,I'm satisfied with the service. It's been a good experience.
3209,9964,Neutral,My experience has been neutral. Nothing outstanding to mention.
3740,6840,Dissatisfied,I'm dissatisfied with maintenance response times. Needs improvement.
3933,9535,Satisfied,I'm satisfied with the service. It's been a good experience.
3352,9849,Very Satisfied,I'm extremely satisfied with my experience here. Everything is perfect!
3574,7742,Very Dissatisfied,I'm very dissatisfied. There are numerous issues with the property.
3842,8287,Dissatisfied,I'm dissatisfied with maintenance response times. Needs improvement.
3774,3090,Very Dissatisfied,I'm very dissatisfied. There are numerous issues with the property.
3483,9883,Satisfied,I'm satisfied with the service. It's been a good experience.
3372,7611,Dissatisfied,I'm dissatisfied with maintenance response times. Needs improvement.
3107,9533,Very Satisfied,I'm extremely satisfied with my experience here. Everything is perfect!
3103,7216,Dissatisfied,I'm dissatisfied with maintenance response times. Needs improvement.
3526,8105,Satisfied,I'm satisfied with the service. It's been a good experience.
3366,6967,Very Satisfied,I'm extremely satisfied with my experience here. Everything is perfect!
3275,2320,Very Satisfied,I'm extremely satisfied with my experience here. Everything is perfect!
3947,9677,Satisfied,I'm satisfied with the service. It's been a good experience.
3639,1208,Neutral,My experience has been neutral. Nothing outstanding to mention.
3367,6674,Satisfied,I'm satisfied with the service. It's been a good experience.
3150,4874,Dissatisfied,I'm dissatisfied with maintenance response times. Needs improvement.
3494,9657,Neutral,My experience has been neutral. Nothing outstanding to mention.
3525,7432,Very Dissatisfied,I'm very dissatisfied. There are numerous issues with the property.
3726,1554,Neutral,My experience has been neutral. Nothing outstanding to mention.
3712,6709,Dissatisfied,I'm dissatisfied with maintenance response times. Needs improvement.
3248,9475,Very Dissatisfied,I'm very dissatisfied. There are numerous issues with the property.
3826,5614,Very Dissatisfied,I'm very dissatisfied. There are numerous issues with the property.
3718,1632,Very Satisfied,I'm extremely satisfied with my experience here. Everything is perfect!
3154,9818,Satisfied,I'm satisfied with the service. It's been a good experience.
3800,8011,Dissatisfied,I'm dissatisfied with maintenance response times. Needs improvement.
3326,6186,Dissatisfied,I'm dissatisfied with maintenance response times. Needs improvement.
3449,3160,Satisfied,I'm satisfied with the service. It's been a good experience.
3560,6474,Neutral,My experience has been neutral. Nothing outstanding to mention.
3022,9907,Satisfied,I'm satisfied with the service. It's been a good experience.
3672,7287,Dissatisfied,I'm dissatisfied with maintenance response times. Needs improvement.
3412,6959,Dissatisfied,I'm dissatisfied with maintenance response times. Needs improvement.
3026,9639,Dissatisfied,I'm dissatisfied with maintenance response times. Needs improvement.
3204,4483,Dissatisfied,I'm dissatisfied with maintenance response times. Needs improvement.
3903,7370,Satisfied,I'm satisfied with the service. It's been a good experience.
3930,5658,Satisfied,I'm satisfied with the service. It's been a good experience.
3612,7019,Neutral,My experience has been neutral. Nothing outstanding to mention.
3048,8844,Satisfied,I'm satisfied with the service. It's been a good experience.
3023,3487,Very Satisfied,I'm extremely satisfied with my experience here. Everything is perfect!
3125,9481,Neutral,My experience has been neutral. Nothing outstanding to mention.
3147,5716,Dissatisfied,I'm dissatisfied with maintenance response times. Needs improvement.
3018,4633,Very Dissatisfied,I'm very dissatisfied. There are numerous issues with the property.
3277,2532,Very Dissatisfied,I'm very dissatisfied. There are numerous issues with the property.
3207,5888,Dissatisfied,I'm dissatisfied with maintenance response times. Needs improvement.
3152,8106,Satisfied,I'm satisfied with the service. It's been a good experience.
3771,6482,Dissatisfied,I'm dissatisfied with maintenance response times. Needs improvement.
3405,7894,Neutral,My experience has been neutral. Nothing outstanding to mention.
3857,1712,Very Dissatisfied,I'm very dissatisfied. There are numerous issues with the property.
3336,6462,Dissatisfied,I'm dissatisfied with maintenance response times. Needs improvement.
3971,1959,Very Dissatisfied,I'm very dissatisfied. There are numerous issues with the property.
3956,3633,Neutral,My experience has been neutral. Nothing outstanding to mention.
3394,4868,Satisfied,I'm satisfied with the service. It's been a good experience.
3533,4490,Very Satisfied,I'm extremely satisfied with my experience here. Everything is perfect!
3042,8671,Very Dissatisfied,I'm very dissatisfied. There are numerous issues with the property.
3864,5313,Very Dissatisfied,I'm very dissatisfied. There are numerous issues with the property.
3559,2668,Dissatisfied,I'm dissatisfied with maintenance response times. Needs improvement.
3802,9027,Very Dissatisfied,I'm very dissatisfied. There are numerous issues with the property.
3637,1897,Satisfied,I'm satisfied with the service. It's been a good experience.
3455,4806,Very Satisfied,I'm extremely satisfied with my experience here. Everything is perfect!
3975,8268,Dissatisfied,I'm dissatisfied with maintenance response times. Needs improvement.
3745,6772,Neutral,My experience has been neutral. Nothing outstanding to mention.
3880,5766,Very Satisfied,I'm extremely satisfied with my experience here. Everything is perfect!
3898,6266,Satisfied,I'm satisfied with the service. It's been a good experience.
3678,5214,Neutral,My experience has been neutral. Nothing outstanding to mention.
3561,7087,Very Dissatisfied,I'm very dissatisfied. There are numerous issues with the property.
3668,9079,Very Satisfied,I'm extremely satisfied with my experience here. Everything is perfect!
3511,1266,Very Dissatisfied,I'm very dissatisfied. There are numerous issues with the property.
3564,1811,Satisfied,I'm satisfied with the service. It's been a good experience.
3823,1817,Very Dissatisfied,I'm very dissatisfied. There are numerous issues with the property.
3307,3099,Satisfied,I'm satisfied with the service. It's been a good experience.
3258,5789,Very Dissatisfied,I'm very dissatisfied. There are numerous issues with the property.
3641,2102,Dissatisfied,I'm dissatisfied with maintenance response times. Needs improvement.
3725,6011,Very Dissatisfied,I'm very dissatisfied. There are numerous issues with the property.
3255,3061,Neutral,My experience has been neutral. Nothing outstanding to mention.
3594,8620,Very Dissatisfied,I'm very dissatisfied. There are numerous issues with the property.
3828,1467,Very Dissatisfied,I'm very dissatisfied. There are numerous issues with the property.
3904,4684,Dissatisfied,I'm dissatisfied with maintenance response times. Needs improvement.
3697,8712,Dissatisfied,I'm dissatisfied with maintenance response times. Needs improvement.
3886,7159,Very Satisfied,I'm extremely satisfied with my experience here. Everything is perfect!
3805,4780,Neutral,My experience has been neutral. Nothing outstanding to mention.
3752,7928,Neutral,My experience has been neutral. Nothing outstanding to mention.
3773,3832,Satisfied,I'm satisfied with the service. It's been a good experience.
3861,7628,Very Satisfied,I'm extremely satisfied with my experience here. Everything is perfect!
3061,9568,Very Dissatisfied,I'm very dissatisfied. There are numerous issues with the property.
3791,7264,Very Dissatisfied,I'm very dissatisfied. There are numerous issues with the property.
3304,7515,Neutral,My experience has been neutral. Nothing outstanding to mention.
3343,4475,Dissatisfied,I'm dissatisfied with maintenance response times. Needs improvement.
3994,2042,Satisfied,I'm satisfied with the service. It's been a good experience.
3375,8954,Satisfied,I'm satisfied with the service. It's been a good experience.
3834,3362,Satisfied,I'm satisfied with the service. It's been a good experience.
3212,5185,Neutral,My experience has been neutral. Nothing outstanding to mention.
3004,1892,Neutral,My experience has been neutral. Nothing outstanding to mention.
3605,2184,Very Dissatisfied,I'm very dissatisfied. There are numerous issues with the property.
3767,1399,Very Satisfied,I'm extremely satisfied with my experience here. Everything is perfect!
3491,6395,Neutral,My experience has been neutral. Nothing outstanding to mention.
3309,4552,Satisfied,I'm satisfied with the service. It's been a good experience.
3786,4262,Neutral,My experience has been neutral. Nothing outstanding to mention.
3175,4930,Very Satisfied,I'm extremely satisfied with my experience here. Everything is perfect!
3586,5397,Dissatisfied,I'm dissatisfied with maintenance response times. Needs improvement.
3990,5457,Neutral,My experience has been neutral. Nothing outstanding to mention.
3964,9445,Dissatisfied,I'm dissatisfied with maintenance response times. Needs improvement.
3925,5009,Very Dissatisfied,I'm very dissatisfied. There are numerous issues with the property.
3109,2667,Neutral,My experience has been neutral. Nothing outstanding to mention.
3821,2305,Dissatisfied,I'm dissatisfied with maintenance response times. Needs improvement.
3761,9008,Very Dissatisfied,I'm very dissatisfied. There are numerous issues with the property.
3811,1201,Neutral,My experience has been neutral. Nothing outstanding to mention.
3927,5070,Neutral,My experience has been neutral. Nothing outstanding to mention.
3651,1347,Very Dissatisfied,I'm very dissatisfied. There are numerous issues with the property.
3049,2642,Very Satisfied,I'm extremely satisfied with my experience here. Everything is perfect!
3661,6801,Dissatisfied,I'm dissatisfied with maintenance response times. Needs improvement.
3100,8734,Very Satisfied,I'm extremely satisfied with my experience here. Everything is perfect!
3127,1754,Dissatisfied,I'm dissatisfied with maintenance response times. Needs improvement.
3365,7122,Very Satisfied,I'm extremely satisfied with my experience here. Everything is perfect!
3005,5608,Satisfied,I'm satisfied with the service. It's been a good experience.
3613,3677,Neutral,My experience has been neutral. Nothing outstanding to mention.
3863,7636,Dissatisfied,I'm dissatisfied with maintenance response times. Needs improvement.
3463,7751,Dissatisfied,I'm dissatisfied with maintenance response times. Needs improvement.
3079,1369,Neutral,My experience has been neutral. Nothing outstanding to mention.
3921,5129,Dissatisfied,I'm dissatisfied with maintenance response times. Needs improvement.
3231,6717,Dissatisfied,I'm dissatisfied with maintenance response times. Needs improvement.
3400,2692,Very Satisfied,I'm extremely satisfied with my experience here. Everything is perfect!
3790,9343,Very Dissatisfied,I'm very dissatisfied. There are numerous issues with the property.
3932,7673,Very Dissatisfied,I'm very dissatisfied. There are numerous issues with the property.
3949,2853,Dissatisfied,I'm dissatisfied with maintenance response times. Needs improvement.
3673,2110,Neutral,My experience has been neutral. Nothing outstanding to mention.
3943,6447,Neutral,My experience has been neutral. Nothing outstanding to mention.
3472,1993,Very Dissatisfied,I'm very dissatisfied. There are numerous issues with the property.
3002,7338,Very Dissatisfied,I'm very dissatisfied. There are numerous issues with the property.
3832,8207,Satisfied,I'm satisfied with the service. It's been a good experience.
3720,5089,Neutral,My experience has been neutral. Nothing outstanding to mention.
3492,8879,Dissatisfied,I'm dissatisfied with maintenance response times. Needs improvement.
3329,7312,Very Satisfied,I'm extremely satisfied with my experience here. Everything is perfect!
3083,1261,Neutral,My experience has been neutral. Nothing outstanding to mention.
3784,2979,Very Dissatisfied,I'm very dissatisfied. There are numerous issues with the property.
3531,1132,Very Dissatisfied,I'm very dissatisfied. There are numerous issues with the property.
3571,1365,Dissatisfied,I'm dissatisfied with maintenance response times. Needs improvement.
3779,3964,Satisfied,I'm satisfied with the service. It's been a good experience.
3373,3194,Very Dissatisfied,I'm very dissatisfied. There are numerous issues with the property.
3579,5737,Satisfied,I'm satisfied with the service. It's been a good experience.
3454,5218,Very Dissatisfied,I'm very dissatisfied. There are numerous issues with the property.
3235,4049,Dissatisfied,I'm dissatisfied with maintenance response times. Needs improvement.
3340,6953,Neutral,My experience has been neutral. Nothing outstanding to mention.
3188,6612,Very Satisfied,I'm extremely satisfied with my experience here. Everything is perfect!
3377,5951,Dissatisfied,I'm dissatisfied with maintenance response times. Needs improvement.
3265,5253,Very Dissatisfied,I'm very dissatisfied. There are numerous issues with the property.
3945,7065,Very Satisfied,I'm extremely satisfied with my experience here. Everything is perfect!
3424,3480,Very Satisfied,I'm extremely satisfied with my experience here. Everything is perfect!
3024,3133,Neutral,My experience has been neutral. Nothing outstanding to mention.
3836,5683,Satisfied,I'm satisfied with the service. It's been a good experience.
3843,8301,Very Satisfied,I'm extremely satisfied with my experience here. Everything is perfect!
3619,6519,Very Dissatisfied,I'm very dissatisfied. There are numerous issues with the property.
3046,6752,Dissatisfied,I'm dissatisfied with maintenance response times. Needs improvement.
3608,7598,Neutral,My experience has been neutral. Nothing outstanding to mention.
3251,1096,Neutral,My experience has been neutral. Nothing outstanding to mention.
3670,2900,Satisfied,I'm satisfied with the service. It's been a good experience.
3871,7568,Dissatisfied,I'm dissatisfied with maintenance response times. Needs improvement.
3284,8874,Satisfied,I'm satisfied with the service. It's been a good experience.
3068,5764,Dissatisfied,I'm dissatisfied with maintenance response times. Needs improvement.
3357,5153,Dissatisfied,I'm dissatisfied with maintenance response times. Needs improvement.
3047,1816,Very Satisfied,I'm extremely satisfied with my experience here. Everything is perfect!
3766,8726,Neutral,My experience has been neutral. Nothing outstanding to mention.
3404,1779,Satisfied,I'm satisfied with the service. It's been a good experience.
3286,8410,Very Satisfied,I'm extremely satisfied with my experience here. Everything is perfect!
3146,6100,Very Satisfied,I'm extremely satisfied with my experience here. Everything is perfect!
3839,2346,Satisfied,I'm satisfied with the service. It's been a good experience.
3998,8645,Very Satisfied,I'm extremely satisfied with my experience here. Everything is perfect!
3280,1283,Very Satisfied,I'm extremely satisfied with my experience here. Everything is perfect!
3369,3708,Dissatisfied,I'm dissatisfied with maintenance response times. Needs improvement.
3552,1850,Very Satisfied,I'm extremely satisfied with my experience here. Everything is perfect!
3126,2209,Satisfied,I'm satisfied with the service. It's been a good experience.
3959,1692,Very Satisfied,I'm extremely satisfied with my experience here. Everything is perfect!
3709,6424,Very Dissatisfied,I'm very dissatisfied. There are numerous issues with the property.
3693,7965,Dissatisfied,I'm dissatisfied with maintenance response times. Needs improvement.
3765,7205,Very Dissatisfied,I'm very dissatisfied. There are numerous issues with the property.
3320,4319,Dissatisfied,I'm dissatisfied with maintenance response times. Needs improvement.
3503,1971,Very Dissatisfied,I'm very dissatisfied. There are numerous issues with the property.
3098,7437,Very Satisfied,I'm extremely satisfied with my experience here. Everything is perfect!
3653,9442,Very Satisfied,I'm extremely satisfied with my experience here. Everything is perfect!
3852,5925,Neutral,My experience has been neutral. Nothing outstanding to mention.
3037,3990,Very Satisfied,I'm extremely satisfied with my experience here. Everything is perfect!
3756,8144,Very Dissatisfied,I'm very dissatisfied. There are numerous issues with the property.
3910,7430,Very Dissatisfied,I'm very dissatisfied. There are numerous issues with the property.
3230,5601,Very Satisfied,I'm extremely satisfied with my experience here. Everything is perfect!
3922,2885,Very Satisfied,I'm extremely satisfied with my experience here. Everything is perfect!
3376,4823,Neutral,My experience has been neutral. Nothing outstanding to mention.
3469,6469,Neutral,My experience has been neutral. Nothing outstanding to mention.
3592,5783,Very Satisfied,I'm extremely satisfied with my experience here. Everything is perfect!
3939,6547,Very Dissatisfied,I'm very dissatisfied. There are numerous issues with the property.
3446,7834,Neutral,My experience has been neutral. Nothing outstanding to mention.
3062,9303,Very Satisfied,I'm extremely satisfied with my experience here. Everything is perfect!
3544,4555,Dissatisfied,I'm dissatisfied with maintenance response times. Needs improvement.
3237,6294,Satisfied,I'm satisfied with the service. It's been a good experience.
3582,7649,Neutral,My experience has been neutral. Nothing outstanding to mention.
3617,3453,Very Dissatisfied,I'm very dissatisfied. There are numerous issues with the property.
3085,8872,Neutral,My experience has been neutral. Nothing outstanding to mention.
3547,9382,Dissatisfied,I'm dissatisfied with maintenance response times. Needs improvement.
3648,1346,Dissatisfied,I'm dissatisfied with maintenance response times. Needs improvement.
3840,6340,Very Dissatisfied,I'm very dissatisfied. There are numerous issues with the property.
3271,1141,Very Dissatisfied,I'm very dissatisfied. There are numerous issues with the property.
3247,9025,Very Satisfied,I'm extremely satisfied with my experience here. Everything is perfect!
3618,4041,Very Dissatisfied,I'm very dissatisfied. There are numerous issues with the property.
3033,5324,Neutral,My experience has been neutral. Nothing outstanding to mention.
3901,1769,Very Satisfied,I'm extremely satisfied with my experience here. Everything is perfect!
3451,3948,Neutral,My experience has been neutral. Nothing outstanding to mention.
3622,6140,Dissatisfied,I'm dissatisfied with maintenance response times. Needs improvement.
3498,7948,Very Satisfied,I'm extremely satisfied with my experience here. Everything is perfect!
3562,9789,Dissatisfied,I'm dissatisfied with maintenance response times. Needs improvement.
3442,4464,Very Dissatisfied,I'm very dissatisfied. There are numerous issues with the property.
3440,3306,Very Satisfied,I'm extremely satisfied with my experience here. Everything is perfect!
3140,8385,Satisfied,I'm satisfied with the service. It's been a good experience.
3429,7733,Neutral,My experience has been neutral. Nothing outstanding to mention.
3770,4770,Neutral,My experience has been neutral. Nothing outstanding to mention.
3727,4030,Satisfied,I'm satisfied with the service. It's been a good experience.
3658,4150,Dissatisfied,I'm dissatisfied with maintenance response times. Needs improvement.
3748,9085,Very Satisfied,I'm extremely satisfied with my experience here. Everything is perfect!
3279,1041,Neutral,My experience has been neutral. Nothing outstanding to mention.
3816,5582,Satisfied,I'm satisfied with the service. It's been a good experience.
3801,8856,Very Dissatisfied,I'm very dissatisfied. There are numerous issues with the property.
3830,7929,Neutral,My experience has been neutral. Nothing outstanding to mention.
3333,3366,Neutral,My experience has been neutral. Nothing outstanding to mention.
3305,5126,Dissatisfied,I'm dissatisfied with maintenance response times. Needs improvement.
3053,1323,Neutral,My experience has been neutral. Nothing outstanding to mention.
3105,5891,Neutral,My experience has been neutral. Nothing outstanding to mention.
3108,7810,Dissatisfied,I'm dissatisfied with maintenance response times. Needs improvement.
3233,2191,Very Satisfied,I'm extremely satisfied with my experience here. Everything is perfect!
3479,7996,Satisfied,I'm satisfied with the service. It's been a good experience.
3162,3169,Very Dissatisfied,I'm very dissatisfied. There are numerous issues with the property.
3513,5016,Neutral,My experience has been neutral. Nothing outstanding to mention.
3355,5222,Very Dissatisfied,I'm very dissatisfied. There are numerous issues with the property.
3381,2724,Very Satisfied,I'm extremely satisfied with my experience here. Everything is perfect!
3603,2259,Very Satisfied,I'm extremely satisfied with my experience here. Everything is perfect!
3982,5512,Very Satisfied,I'm extremely satisfied with my experience here. Everything is perfect!
3250,1134,Very Satisfied,I'm extremely satisfied with my experience here. Everything is perfect!
3278,4585,Dissatisfied,I'm dissatisfied with maintenance response times. Needs improvement.
3349,9558,Very Satisfied,I'm extremely satisfied with my experience here. Everything is perfect!
3289,5367,Very Dissatisfied,I'm very dissatisfied. There are numerous issues with the property.
3566,7665,Dissatisfied,I'm dissatisfied with maintenance response times. Needs improvement.
3890,5097,Neutral,My experience has been neutral. Nothing outstanding to mention.
3611,5245,Very Satisfied,I'm extremely satisfied with my experience here. Everything is perfect!
3897,6022,Dissatisfied,I'm dissatisfied with maintenance response times. Needs improvement.
3946,8275,Dissatisfied,I'm dissatisfied with maintenance response times. Needs improvement.
3509,7211,Very Dissatisfied,I'm very dissatisfied. There are numerous issues with the property.
3354,3121,Dissatisfied,I'm dissatisfied with maintenance response times. Needs improvement.
3957,8562,Very Satisfied,I'm extremely satisfied with my experience here. Everything is perfect!
3715,4287,Neutral,My experience has been neutral. Nothing outstanding to mention.
3633,1872,Very Dissatisfied,I'm very dissatisfied. There are numerous issues with the property.
3885,4721,Satisfied,I'm satisfied with the service. It's been a good experience.
3746,3977,Dissatisfied,I'm dissatisfied with maintenance response times. Needs improvement.
3153,6000,Very Satisfied,I'm extremely satisfied with my experience here. Everything is perfect!
3387,2121,Very Satisfied,I'm extremely satisfied with my experience here. Everything is perfect!
3536,7121,Satisfied,I'm satisfied with the service. It's been a good experience.
3215,1338,Very Dissatisfied,I'm very dissatisfied. There are numerous issues with the property.
3069,2811,Very Dissatisfied,I'm very dissatisfied. There are numerous issues with the property.
3792,9391,Neutral,My experience has been neutral. Nothing outstanding to mention.
3253,4618,Satisfied,I'm satisfied with the service. It's been a good experience.
3539,3295,Satisfied,I'm satisfied with the service. It's been a good experience.
3007,2275,Very Dissatisfied,I'm very dissatisfied. There are numerous issues with the property.
3812,5352,Very Satisfied,I'm extremely satisfied with my experience here. Everything is perfect!
3757,9895,Dissatisfied,I'm dissatisfied with maintenance response times. Needs improvement.
3216,3341,Neutral,My experience has been neutral. Nothing outstanding to mention.
3575,3137,Satisfied,I'm satisfied with the service. It's been a good experience.
3058,7942,Very Satisfied,I'm extremely satisfied with my experience here. Everything is perfect!
3741,5775,Very Satisfied,I'm extremely satisfied with my experience here. Everything is perfect!
3465,2119,Very Satisfied,I'm extremely satisfied with my experience here. Everything is perfect!
3086,1981,Very Dissatisfied,I'm very dissatisfied. There are numerous issues with the property.
3272,7872,Satisfied,I'm satisfied with the service. It's been a good experience.
3587,4273,Very Dissatisfied,I'm very dissatisfied. There are numerous issues with the property.
3889,9507,Satisfied,I'm satisfied with the service. It's been a good experience.
3838,1377,Neutral,My experience has been neutral. Nothing outstanding to mention.
3196,4952,Neutral,My experience has been neutral. Nothing outstanding to mention.
3294,1002,Very Satisfied,I'm extremely satisfied with my experience here. Everything is perfect!
3882,8123,Very Dissatisfied,I'm very dissatisfied. There are numerous issues with the property.
3502,4958,Very Dissatisfied,I'm very dissatisfied. There are numerous issues with the property.
3419,7898,Very Satisfied,I'm extremely satisfied with my experience here. Everything is perfect!
3182,6383,Very Dissatisfied,I'm very dissatisfied. There are numerous issues with the property.
3203,4741,Neutral,My experience has been neutral. Nothing outstanding to mention.
3604,1825,Very Dissatisfied,I'm very dissatisfied. There are numerous issues with the property.
3254,1411,Very Dissatisfied,I'm very dissatisfied. There are numerous issues with the property.
3859,7485,Very Dissatisfied,I'm very dissatisfied. There are numerous issues with the property.
3073,6766,Satisfied,I'm satisfied with the service. It's been a good experience.
3132,5438,Neutral,My experience has been neutral. Nothing outstanding to mention.
3282,9502,Very Satisfied,I'm extremely satisfied with my experience here. Everything is perfect!
3341,3277,Very Dissatisfied,I'm very dissatisfied. There are numerous issues with the property.
3173,3616,Neutral,My experience has been neutral. Nothing outstanding to mention.
3691,5973,Satisfied,I'm satisfied with the service. It's been a good experience.
3276,4931,Satisfied,I'm satisfied with the service. It's been a good experience.
3804,7367,Neutral,My experience has been neutral. Nothing outstanding to mention.
3516,6915,Very Satisfied,I'm extremely satisfied with my experience here. Everything is perfect!
3688,5855,Dissatisfied,I'm dissatisfied with maintenance response times. Needs improvement.
3707,5492,Very Dissatisfied,I'm very dissatisfied. There are numerous issues with the property.
3995,1449,Satisfied,I'm satisfied with the service. It's been a good experience.
3682,5471,Very Dissatisfied,I'm very dissatisfied. There are numerous issues with the property.
3270,1060,Dissatisfied,I'm dissatisfied with maintenance response times. Needs improvement.
3747,5745,Satisfied,I'm satisfied with the service. It's been a good experience.
3081,3962,Neutral,My experience has been neutral. Nothing outstanding to mention.
3967,6398,Neutral,My experience has been neutral. Nothing outstanding to mention.
3016,3043,Very Dissatisfied,I'm very dissatisfied. There are numerous issues with the property.
3643,7319,Satisfied,I'm satisfied with the service. It's been a good experience.
3346,9379,Satisfied,I'm satisfied with the service. It's been a good experience.
3589,6182,Very Dissatisfied,I'm very dissatisfied. There are numerous issues with the property.
3961,4022,Dissatisfied,I'm dissatisfied with maintenance response times. Needs improvement.
3106,1214,Satisfied,I'm satisfied with the service. It's been a good experience.
3169,7255,Neutral,My experience has been neutral. Nothing outstanding to mention.
3506,5386,Very Satisfied,I'm extremely satisfied with my experience here. Everything is perfect!
3810,6802,Dissatisfied,I'm dissatisfied with maintenance response times. Needs improvement.
3550,7308,Dissatisfied,I'm dissatisfied with maintenance response times. Needs improvement.
3601,3858,Neutral,My experience has been neutral. Nothing outstanding to mention.
3924,6299,Very Satisfied,I'm extremely satisfied with my experience here. Everything is perfect!
3554,1792,Very Dissatisfied,I'm very dissatisfied. There are numerous issues with the property.
3135,8045,Very Dissatisfied,I'm very dissatisfied. There are numerous issues with the property.
3218,5538,Very Satisfied,I'm extremely satisfied with my experience here. Everything is perfect!
3170,7979,Very Satisfied,I'm extremely satisfied with my experience here. Everything is perfect!
3190,2076,Satisfied,I'm satisfied with the service. It's been a good experience.
3050,6423,Very Dissatisfied,I'm very dissatisfied. There are numerous issues with the property.
3549,5319,Satisfied,I'm satisfied with the service. It's been a good experience.
3623,7509,Dissatisfied,I'm dissatisfied with maintenance response times. Needs improvement.
3225,3045,Very Satisfied,I'm extremely satisfied with my experience here. Everything is perfect!
3807,7466,Satisfied,I'm satisfied with the service. It's been a good experience.
3835,5659,Neutral,My experience has been neutral. Nothing outstanding to mention.
3407,3325,Neutral,My experience has been neutral. Nothing outstanding to mention.
3071,9904,Dissatisfied,I'm dissatisfied with maintenance response times. Needs improvement.
3330,5290,Dissatisfied,I'm dissatisfied with maintenance response times. Needs improvement.
3378,7145,Very Dissatisfied,I'm very dissatisfied. There are numerous issues with the property.
3590,2568,Very Satisfied,I'm extremely satisfied with my experience here. Everything is perfect!
3434,7852,Neutral,My experience has been neutral. Nothing outstanding to mention.
3614,3024,Very Dissatisfied,I'm very dissatisfied. There are numerous issues with the property.
3515,4326,Very Satisfied,I'm extremely satisfied with my experience here. Everything is perfect!
3768,6770,Very Satisfied,I'm extremely satisfied with my experience here. Everything is perfect!
3383,2240,Very Dissatisfied,I'm very dissatisfied. There are numerous issues with the property.
3398,9828,Very Dissatisfied,I'm very dissatisfied. There are numerous issues with the property.
3184,4922,Neutral,My experience has been neutral. Nothing outstanding to mention.
3457,7991,Dissatisfied,I'm dissatisfied with maintenance response times. Needs improvement.
3737,4247,Very Satisfied,I'm extremely satisfied with my experience here. Everything is perfect!
3443,7141,Very Satisfied,I'm extremely satisfied with my experience here. Everything is perfect!
3302,5734,Very Satisfied,I'm extremely satisfied with my experience here. Everything is perfect!
3423,7997,Very Satisfied,I'm extremely satisfied with my experience here. Everything is perfect!
3706,2533,Dissatisfied,I'm dissatisfied with maintenance response times. Needs improvement.
3730,1102,Neutral,My experience has been neutral. Nothing outstanding to mention.
3519,2589,Very Satisfied,I'm extremely satisfied with my experience here. Everything is perfect!
3236,5082,Neutral,My experience has been neutral. Nothing outstanding to mention.
3993,4807,Very Dissatisfied,I'm very dissatisfied. There are numerous issues with the property.
3110,7161,Satisfied,I'm satisfied with the service. It's been a good experience.
3887,5442,Dissatisfied,I'm dissatisfied with maintenance response times. Needs improvement.
3598,9794,Very Dissatisfied,I'm very dissatisfied. There are numerous issues with the property.
3542,9864,Neutral,My experience has been neutral. Nothing outstanding to mention.
3327,7571,Very Satisfied,I'm extremely satisfied with my experience here. Everything is perfect!
3332,9540,Very Dissatisfied,I'm very dissatisfied. There are numerous issues with the property.
3015,1564,Dissatisfied,I'm dissatisfied with maintenance response times. Needs improvement.
3311,7092,Very Dissatisfied,I'm very dissatisfied. There are numerous issues with the property.
3159,9381,Neutral,My experience has been neutral. Nothing outstanding to mention.
3028,9776,Dissatisfied,I'm dissatisfied with maintenance response times. Needs improvement.
3493,3463,Neutral,My experience has been neutral. Nothing outstanding to mention.
3527,1342,Dissatisfied,I'm dissatisfied with maintenance response times. Needs improvement.
3246,5552,Very Satisfied,I'm extremely satisfied with my experience here. Everything is perfect!
3538,4988,Neutral,My experience has been neutral. Nothing outstanding to mention.
3647,1687,Dissatisfied,I'm dissatisfied with maintenance response times. Needs improvement.
3950,4304,Satisfied,I'm satisfied with the service. It's been a good experience.
3116,3147,Neutral,My experience has been neutral. Nothing outstanding to mention.
3448,2287,Satisfied,I'm satisfied with the service. It's been a good experience.
3874,9311,Very Dissatisfied,I'm very dissatisfied. There are numerous issues with the property.
3322,2959,Very Satisfied,I'm extremely satisfied with my experience here. Everything is perfect!
3219,8315,Dissatisfied,I'm dissatisfied with maintenance response times. Needs improvement.
3540,6487,Neutral,My experience has been neutral. Nothing outstanding to mention.
3045,6067,Very Dissatisfied,I'm very dissatisfied. There are numerous issues with the property.
3157,9039,Neutral,My experience has been neutral. Nothing outstanding to mention.
3799,7885,Satisfied,I'm satisfied with the service. It's been a good experience.
3295,8768,Satisfied,I'm satisfied with the service. It's been a good experience.
3433,4417,Very Dissatisfied,I'm very dissatisfied. There are numerous issues with the property.
3036,1623,Neutral,My experience has been neutral. Nothing outstanding to mention.
3600,5148,Dissatisfied,I'm dissatisfied with maintenance response times. Needs improvement.
3699,7253,Very Satisfied,I'm extremely satisfied with my experience here. Everything is perfect!
3755,4699,Dissatisfied,I'm dissatisfied with maintenance response times. Needs improvement.
3984,6035,Very Dissatisfied,I'm very dissatisfied. There are numerous issues with the property.
3358,7552,Very Dissatisfied,I'm very dissatisfied. There are numerous issues with the property.
3827,8095,Very Dissatisfied,I'm very dissatisfied. There are numerous issues with the property.
3273,4099,Satisfied,I'm satisfied with the service. It's been a good experience.
3909,2888,Satisfied,I'm satisfied with the service. It's been a good experience.
3815,1702,Dissatisfied,I'm dissatisfied with maintenance response times. Needs improvement.
3201,2941,Neutral,My experience has been neutral. Nothing outstanding to mention.
3300,8927,Very Satisfied,I'm extremely satisfied with my experience here. Everything is perfect!
3403,1112,Dissatisfied,I'm dissatisfied with maintenance response times. Needs improvement.
3599,7794,Very Satisfied,I'm extremely satisfied with my experience here. Everything is perfect!
3136,4133,Dissatisfied,I'm dissatisfied with maintenance response times. Needs improvement.
3680,6331,Very Satisfied,I'm extremely satisfied with my experience here. Everything is perfect!
3891,8383,Neutral,My experience has been neutral. Nothing outstanding to mention.
3711,9271,Neutral,My experience has been neutral. Nothing outstanding to mention.
3625,2704,Satisfied,I'm satisfied with the service. It's been a good experience.
3452,7082,Dissatisfied,I'm dissatisfied with maintenance response times. Needs improvement.
3713,2134,Satisfied,I'm satisfied with the service. It's been a good experience.
3520,2456,Neutral,My experience has been neutral. Nothing outstanding to mention.
3769,1933,Neutral,My experience has been neutral. Nothing outstanding to mention.
3512,6497,Very Satisfied,I'm extremely satisfied with my experience here. Everything is perfect!
3267,5084,Very Satisfied,I'm extremely satisfied with my experience here. Everything is perfect!
3785,1334,Very Dissatisfied,I'm very dissatisfied. There are numerous issues with the property.
3991,3246,Very Dissatisfied,I'm very dissatisfied. There are numerous issues with the property.
3876,6735,Dissatisfied,I'm dissatisfied with maintenance response times. Needs improvement.
3476,7529,Neutral,My experience has been neutral. Nothing outstanding to mention.
3630,4003,Satisfied,I'm satisfied with the service. It's been a good experience.
3315,5391,Neutral,My experience has been neutral. Nothing outstanding to mention.
3139,3481,Dissatisfied,I'm dissatisfied with maintenance response times. Needs improvement.
3928,4871,Very Satisfied,I'm extremely satisfied with my experience here. Everything is perfect!
3944,1176,Dissatisfied,I'm dissatisfied with maintenance response times. Needs improvement.
3578,8684,Satisfied,I'm satisfied with the service. It's been a good experience.
3384,7429,Very Dissatisfied,I'm very dissatisfied. There are numerous issues with the property.
3638,1428,Neutral,My experience has been neutral. Nothing outstanding to mention.
3368,6773,Satisfied,I'm satisfied with the service. It's been a good experience.
3010,3578,Very Satisfied,I'm extremely satisfied with my experience here. Everything is perfect!
3764,1289,Very Satisfied,I'm extremely satisfied with my experience here. Everything is perfect!
3115,9783,Neutral,My experience has been neutral. Nothing outstanding to mention.
3881,4065,Dissatisfied,I'm dissatisfied with maintenance response times. Needs improvement.
3242,7597,Neutral,My experience has been neutral. Nothing outstanding to mention.
3652,8997,Satisfied,I'm satisfied with the service. It's been a good experience.
3386,1477,Satisfied,I'm satisfied with the service. It's been a good experience.
3669,7284,Neutral,My experience has been neutral. Nothing outstanding to mention.
3123,5615,Neutral,My experience has been neutral. Nothing outstanding to mention.
3338,3307,Very Dissatisfied,I'm very dissatisfied. There are numerous issues with the property.
3385,1884,Satisfied,I'm satisfied with the service. It's been a good experience.
3319,1713,Very Satisfied,I'm extremely satisfied with my experience here. Everything is perfect!
3597,7070,Satisfied,I'm satisfied with the service. It's been a good experience.
3845,8598,Very Satisfied,I'm extremely satisfied with my experience here. Everything is perfect!
3420,2965,Satisfied,I'm satisfied with the service. It's been a good experience.
3960,6391,Dissatisfied,I'm dissatisfied with maintenance response times. Needs improvement.
3753,5939,Very Satisfied,I'm extremely satisfied with my experience here. Everything is perfect!
3269,8481,Neutral,My experience has been neutral. Nothing outstanding to mention.
3464,4661,Dissatisfied,I'm dissatisfied with maintenance response times. Needs improvement.
3546,7711,Dissatisfied,I'm dissatisfied with maintenance response times. Needs improvement.
3466,4863,Dissatisfied,I'm dissatisfied with maintenance response times. Needs improvement.
3450,6228,Satisfied,I'm satisfied with the service. It's been a good experience.
3347,8016,Neutral,My experience has been neutral. Nothing outstanding to mention.
3243,4188,Neutral,My experience has been neutral. Nothing outstanding to mention.
3120,4018,Very Dissatisfied,I'm very dissatisfied. There are numerous issues with the property.
3409,1744,Satisfied,I'm satisfied with the service. It's been a good experience.
3671,6268,Dissatisfied,I'm dissatisfied with maintenance response times. Needs improvement.
3814,6314,Neutral,My experience has been neutral. Nothing outstanding to mention.
3867,1482,Neutral,My experience has been neutral. Nothing outstanding to mention.
3690,2356,Very Satisfied,I'm extremely satisfied with my experience here. Everything is perfect!
3430,6756,Very Satisfied,I'm extremely satisfied with my experience here. Everything is perfect!
3929,7085,Dissatisfied,I'm dissatisfied with maintenance response times. Needs improvement.
3937,4122,Dissatisfied,I'm dissatisfied with maintenance response times. Needs improvement.
3065,6153,Very Dissatisfied,I'm very dissatisfied. There are numerous issues with the property.
3499,2373,Dissatisfied,I'm dissatisfied with maintenance response times. Needs improvement.
3557,8732,Satisfied,I'm satisfied with the service. It's been a good experience.
3172,2226,Dissatisfied,I'm dissatisfied with maintenance response times. Needs improvement.
3504,4161,Dissatisfied,I'm dissatisfied with maintenance response times. Needs improvement.
3222,6911,Very Dissatisfied,I'm very dissatisfied. There are numerous issues with the property.
3075,1486,Very Dissatisfied,I'm very dissatisfied. There are numerous issues with the property.
3301,3471,Satisfied,I'm satisfied with the service. It's been a good experience.
3912,1435,Dissatisfied,I'm dissatisfied with maintenance response times. Needs improvement.
3777,9621,Very Dissatisfied,I'm very dissatisfied. There are numerous issues with the property.
3856,6003,Very Dissatisfied,I'm very dissatisfied. There are numerous issues with the property.
3094,8781,Dissatisfied,I'm dissatisfied with maintenance response times. Needs improvement.
3976,4152,Neutral,My experience has been neutral. Nothing outstanding to mention.
3043,8092,Satisfied,I'm satisfied with the service. It's been a good experience.
3948,8914,Satisfied,I'm satisfied with the service. It's been a good experience.
3195,8047,Very Dissatisfied,I'm very dissatisfied. There are numerous issues with the property.
3489,5959,Dissatisfied,I'm dissatisfied with maintenance response times. Needs improvement.
3141,2928,Very Dissatisfied,I'm very dissatisfied. There are numerous issues with the property.
3703,7242,Very Satisfied,I'm extremely satisfied with my experience here. Everything is perfect!
3505,2117,Neutral,My experience has been neutral. Nothing outstanding to mention.
3644,1746,Dissatisfied,I'm dissatisfied with maintenance response times. Needs improvement.
3268,7844,Very Dissatisfied,I'm very dissatisfied. There are numerous issues with the property.
3129,7240,Satisfied,I'm satisfied with the service. It's been a good experience.
3931,7640,Very Dissatisfied,I'm very dissatisfied. There are numerous issues with the property.
3441,4004,Very Dissatisfied,I'm very dissatisfied. There are numerous issues with the property.
3529,4935,Satisfied,I'm satisfied with the service. It's been a good experience.
3736,1604,Dissatisfied,I'm dissatisfied with maintenance response times. Needs improvement.
3607,9097,Very Satisfied,I'm extremely satisfied with my experience here. Everything is perfect!
3524,8723,Satisfied,I'm satisfied with the service. It's been a good experience.
3471,9644,Satisfied,I'm satisfied with the service. It's been a good experience.
3704,7280,Neutral,My experience has been neutral. Nothing outstanding to mention.
